name,version,directory,repository,summary,from package.json,from license,from readme
@alloc/quick-lru,5.2.0,/Metro/vehicles_frontend/sveltenetics/node_modules/@alloc/quick-lru,sindresorhus/quick-lru,MIT,MIT,MIT,
@ampproject/remapping,2.3.0,/Metro/vehicles_frontend/sveltenetics/node_modules/@ampproject/remapping,https://github.com/ampproject/remapping,Apache;Apache-2.0,Apache-2.0,Apache,
@antfu/install-pkg,0.1.1,/Metro/vehicles_frontend/sveltenetics/node_modules/@antfu/install-pkg,https://github.com/antfu/install-pkg,MIT,MIT,MIT,
@antfu/utils,0.7.10,/Metro/vehicles_frontend/sveltenetics/node_modules/@antfu/utils,https://github.com/antfu/utils,MIT,MIT,MIT,
@aptos-labs/aptos-cli,0.1.9,/Metro/vehicles_frontend/sveltenetics/node_modules/@aptos-labs/aptos-cli,(none),Apache;ISC,ISC,Apache,
@aptos-labs/aptos-client,0.1.0,/Metro/vehicles_frontend/sveltenetics/node_modules/@aptos-labs/aptos-client,https://github.com/aptos-labs/aptos-core,Apache;Apache-2.0,Apache-2.0,Apache,
@aptos-labs/aptos-faucet-client,0.2.0,/Metro/vehicles_frontend/sveltenetics/node_modules/@aptos-labs/aptos-faucet-client,https://github.com/aptos-labs/aptos-core,Apache 2.0,Apache 2.0,,
@aptos-labs/ts-sdk,1.26.0,/Metro/vehicles_frontend/sveltenetics/node_modules/@aptos-labs/ts-sdk,(none),Apache;Apache-2.0,Apache-2.0,Apache,
@babel/code-frame,7.24.7,/Metro/vehicles_frontend/sveltenetics/node_modules/@babel/code-frame,https://github.com/babel/babel,MIT,MIT,MIT,
@babel/compat-data,7.24.8,/Metro/vehicles_frontend/sveltenetics/node_modules/@babel/compat-data,https://github.com/babel/babel,MIT,MIT,MIT,
@babel/core,7.24.8,/Metro/vehicles_frontend/sveltenetics/node_modules/@babel/core,https://github.com/babel/babel,MIT,MIT,MIT,
@babel/generator,7.24.8,/Metro/vehicles_frontend/sveltenetics/node_modules/@babel/generator,https://github.com/babel/babel,MIT,MIT,MIT,
@babel/helper-annotate-as-pure,7.24.7,/Metro/vehicles_frontend/sveltenetics/node_modules/@babel/helper-annotate-as-pure,https://github.com/babel/babel,MIT,MIT,MIT,
@babel/helper-compilation-targets,7.24.8,/Metro/vehicles_frontend/sveltenetics/node_modules/@babel/helper-compilation-targets,https://github.com/babel/babel,MIT,MIT,MIT,
@babel/helper-create-class-features-plugin,7.24.8,/Metro/vehicles_frontend/sveltenetics/node_modules/@babel/helper-create-class-features-plugin,https://github.com/babel/babel,MIT,MIT,MIT,
@babel/helper-environment-visitor,7.24.7,/Metro/vehicles_frontend/sveltenetics/node_modules/@babel/helper-environment-visitor,https://github.com/babel/babel,MIT,MIT,MIT,
@babel/helper-function-name,7.24.7,/Metro/vehicles_frontend/sveltenetics/node_modules/@babel/helper-function-name,https://github.com/babel/babel,MIT,MIT,MIT,
@babel/helper-hoist-variables,7.24.7,/Metro/vehicles_frontend/sveltenetics/node_modules/@babel/helper-hoist-variables,https://github.com/babel/babel,MIT,MIT,MIT,
@babel/helper-member-expression-to-functions,7.24.8,/Metro/vehicles_frontend/sveltenetics/node_modules/@babel/helper-member-expression-to-functions,https://github.com/babel/babel,MIT,MIT,MIT,
@babel/helper-module-imports,7.24.7,/Metro/vehicles_frontend/sveltenetics/node_modules/@babel/helper-module-imports,https://github.com/babel/babel,MIT,MIT,MIT,
@babel/helper-module-transforms,7.24.8,/Metro/vehicles_frontend/sveltenetics/node_modules/@babel/helper-module-transforms,https://github.com/babel/babel,MIT,MIT,MIT,
@babel/helper-optimise-call-expression,7.24.7,/Metro/vehicles_frontend/sveltenetics/node_modules/@babel/helper-optimise-call-expression,https://github.com/babel/babel,MIT,MIT,MIT,
@babel/helper-plugin-utils,7.24.8,/Metro/vehicles_frontend/sveltenetics/node_modules/@babel/helper-plugin-utils,https://github.com/babel/babel,MIT,MIT,MIT,
@babel/helper-replace-supers,7.24.7,/Metro/vehicles_frontend/sveltenetics/node_modules/@babel/helper-replace-supers,https://github.com/babel/babel,MIT,MIT,MIT,
@babel/helper-simple-access,7.24.7,/Metro/vehicles_frontend/sveltenetics/node_modules/@babel/helper-simple-access,https://github.com/babel/babel,MIT,MIT,MIT,
@babel/helper-skip-transparent-expression-wrappers,7.24.7,/Metro/vehicles_frontend/sveltenetics/node_modules/@babel/helper-skip-transparent-expression-wrappers,https://github.com/babel/babel,MIT,MIT,MIT,
@babel/helper-split-export-declaration,7.24.7,/Metro/vehicles_frontend/sveltenetics/node_modules/@babel/helper-split-export-declaration,https://github.com/babel/babel,MIT,MIT,MIT,
@babel/helper-string-parser,7.24.8,/Metro/vehicles_frontend/sveltenetics/node_modules/@babel/helper-string-parser,https://github.com/babel/babel,MIT,MIT,MIT,
@babel/helper-validator-identifier,7.24.7,/Metro/vehicles_frontend/sveltenetics/node_modules/@babel/helper-validator-identifier,https://github.com/babel/babel,MIT,MIT,MIT,
@babel/helper-validator-option,7.24.8,/Metro/vehicles_frontend/sveltenetics/node_modules/@babel/helper-validator-option,https://github.com/babel/babel,MIT,MIT,MIT,
@babel/helpers,7.24.8,/Metro/vehicles_frontend/sveltenetics/node_modules/@babel/helpers,https://github.com/babel/babel,MIT,MIT,MIT,
@babel/highlight,7.24.7,/Metro/vehicles_frontend/sveltenetics/node_modules/@babel/highlight,https://github.com/babel/babel,MIT,MIT,MIT,
@babel/parser,7.24.8,/Metro/vehicles_frontend/sveltenetics/node_modules/@babel/parser,https://github.com/babel/babel,MIT,MIT,,
@babel/plugin-syntax-jsx,7.24.7,/Metro/vehicles_frontend/sveltenetics/node_modules/@babel/plugin-syntax-jsx,https://github.com/babel/babel,MIT,MIT,MIT,
@babel/plugin-syntax-typescript,7.24.7,/Metro/vehicles_frontend/sveltenetics/node_modules/@babel/plugin-syntax-typescript,https://github.com/babel/babel,MIT,MIT,MIT,
@babel/plugin-transform-modules-commonjs,7.24.8,/Metro/vehicles_frontend/sveltenetics/node_modules/@babel/plugin-transform-modules-commonjs,https://github.com/babel/babel,MIT,MIT,MIT,
@babel/plugin-transform-typescript,7.24.8,/Metro/vehicles_frontend/sveltenetics/node_modules/@babel/plugin-transform-typescript,https://github.com/babel/babel,MIT,MIT,MIT,
@babel/preset-typescript,7.24.7,/Metro/vehicles_frontend/sveltenetics/node_modules/@babel/preset-typescript,https://github.com/babel/babel,MIT,MIT,MIT,
@babel/template,7.24.7,/Metro/vehicles_frontend/sveltenetics/node_modules/@babel/template,https://github.com/babel/babel,MIT,MIT,MIT,
@babel/traverse,7.24.8,/Metro/vehicles_frontend/sveltenetics/node_modules/@babel/traverse,https://github.com/babel/babel,MIT,MIT,MIT,
@babel/types,7.24.8,/Metro/vehicles_frontend/sveltenetics/node_modules/@babel/types,https://github.com/babel/babel,MIT,MIT,MIT,
@floating-ui/core,1.6.4,/Metro/vehicles_frontend/sveltenetics/node_modules/@floating-ui/core,https://github.com/floating-ui/floating-ui,MIT,MIT,MIT,
@floating-ui/dom,1.6.7,/Metro/vehicles_frontend/sveltenetics/node_modules/@floating-ui/dom,https://github.com/floating-ui/floating-ui,MIT,MIT,MIT,
@floating-ui/utils,0.2.4,/Metro/vehicles_frontend/sveltenetics/node_modules/@floating-ui/utils,https://github.com/floating-ui/floating-ui,MIT,MIT,MIT,
@iconify/types,2.0.0,/Metro/vehicles_frontend/sveltenetics/node_modules/@iconify/types,https://github.com/iconify/iconify,GPL;MIT,MIT,MIT,GPL;MIT
@iconify/utils,2.1.25,/Metro/vehicles_frontend/sveltenetics/node_modules/@iconify/utils,https://github.com/iconify/iconify,ISC;MIT,MIT,ISC;MIT,MIT
@internationalized/date,3.5.4,/Metro/vehicles_frontend/sveltenetics/node_modules/@internationalized/date,https://github.com/adobe/react-spectrum/tree/main/packages/@internationalized/date,Apache;Apache-2.0,Apache-2.0,Apache,
@isaacs/cliui,8.0.2,/Metro/vehicles_frontend/sveltenetics/node_modules/@isaacs/cliui,yargs/cliui,ISC,ISC,,
@jridgewell/gen-mapping,0.3.5,/Metro/vehicles_frontend/sveltenetics/node_modules/@jridgewell/gen-mapping,https://github.com/jridgewell/gen-mapping,MIT,MIT,,
@jridgewell/resolve-uri,3.1.2,/Metro/vehicles_frontend/sveltenetics/node_modules/@jridgewell/resolve-uri,https://github.com/jridgewell/resolve-uri,MIT,MIT,,
@jridgewell/set-array,1.2.1,/Metro/vehicles_frontend/sveltenetics/node_modules/@jridgewell/set-array,https://github.com/jridgewell/set-array,MIT,MIT,,
@jridgewell/sourcemap-codec,1.5.0,/Metro/vehicles_frontend/sveltenetics/node_modules/@jridgewell/sourcemap-codec,https://github.com/jridgewell/sourcemap-codec,MIT,MIT,MIT,MIT
@jridgewell/trace-mapping,0.3.25,/Metro/vehicles_frontend/sveltenetics/node_modules/@jridgewell/trace-mapping,https://github.com/jridgewell/trace-mapping,MIT,MIT,,
@kessler/tableify,1.0.2,/Metro/vehicles_frontend/sveltenetics/node_modules/@kessler/tableify,https://github.com/kessler/node-tableify,MIT,MIT,,MIT
@kurkle/color,0.3.2,/Metro/vehicles_frontend/sveltenetics/node_modules/@kurkle/color,https://github.com/kurkle/color,MIT,MIT,MIT,
@lucide/lab,0.1.2,/Metro/vehicles_frontend/sveltenetics/node_modules/@lucide/lab,https://github.com/lucide-icons/lucide-lab,ISC,ISC,ISC,
@melt-ui/svelte,0.63.1,/Metro/vehicles_frontend/sveltenetics/node_modules/@melt-ui/svelte,github:melt-ui/melt-ui,MIT,MIT,MIT,
@melt-ui/svelte,0.76.2,/Metro/vehicles_frontend/sveltenetics/node_modules/bits-ui/node_modules/@melt-ui/svelte,(none),MIT,MIT,MIT,
@noble/curves,1.4.2,/Metro/vehicles_frontend/sveltenetics/node_modules/@noble/curves,https://github.com/paulmillr/noble-curves,MIT,MIT,MIT,MIT
@noble/hashes,1.4.0,/Metro/vehicles_frontend/sveltenetics/node_modules/@noble/hashes,https://github.com/paulmillr/noble-hashes,MIT,MIT,MIT,MIT
@nodelib/fs.scandir,2.1.5,/Metro/vehicles_frontend/sveltenetics/node_modules/@nodelib/fs.scandir,https://github.com/nodelib/nodelib/tree/master/packages/fs/fs.scandir,MIT,MIT,MIT,MIT
@nodelib/fs.stat,2.0.5,/Metro/vehicles_frontend/sveltenetics/node_modules/@nodelib/fs.stat,https://github.com/nodelib/nodelib/tree/master/packages/fs/fs.stat,MIT,MIT,MIT,MIT
@nodelib/fs.walk,1.2.8,/Metro/vehicles_frontend/sveltenetics/node_modules/@nodelib/fs.walk,https://github.com/nodelib/nodelib/tree/master/packages/fs/fs.walk,MIT,MIT,MIT,MIT
@pkgjs/parseargs,0.11.0,/Metro/vehicles_frontend/sveltenetics/node_modules/@pkgjs/parseargs,git@github.com:pkgjs/parseargs,Apache;MIT,MIT,Apache,
@polka/url,1.0.0-next.25,/Metro/vehicles_frontend/sveltenetics/node_modules/@polka/url,lukeed/polka,MIT,MIT,,MIT
@rollup/plugin-commonjs,26.0.1,/Metro/vehicles_frontend/sveltenetics/node_modules/@rollup/plugin-commonjs,rollup/plugins,MIT,MIT,MIT,
@rollup/plugin-json,6.1.0,/Metro/vehicles_frontend/sveltenetics/node_modules/@rollup/plugin-json,rollup/plugins,MIT,MIT,MIT,
@rollup/plugin-node-resolve,15.2.3,/Metro/vehicles_frontend/sveltenetics/node_modules/@rollup/plugin-node-resolve,rollup/plugins,MIT,MIT,MIT,
@rollup/pluginutils,5.1.0,/Metro/vehicles_frontend/sveltenetics/node_modules/@rollup/pluginutils,rollup/plugins,MIT,MIT,MIT,
@rollup/rollup-linux-x64-gnu,4.18.1,/Metro/vehicles_frontend/sveltenetics/node_modules/@rollup/rollup-linux-x64-gnu,rollup/rollup,MIT,MIT,,
@rollup/rollup-linux-x64-musl,4.18.1,/Metro/vehicles_frontend/sveltenetics/node_modules/@rollup/rollup-linux-x64-musl,rollup/rollup,MIT,MIT,,
@scure/base,1.1.7,/Metro/vehicles_frontend/sveltenetics/node_modules/@scure/base,https://github.com/paulmillr/scure-base,MIT,MIT,MIT,MIT
@scure/bip32,1.4.0,/Metro/vehicles_frontend/sveltenetics/node_modules/@scure/bip32,https://github.com/paulmillr/scure-bip32,MIT,MIT,MIT,MIT
@scure/bip39,1.3.0,/Metro/vehicles_frontend/sveltenetics/node_modules/@scure/bip39,https://github.com/paulmillr/scure-bip39,MIT,MIT,MIT,
@sindresorhus/is,4.6.0,/Metro/vehicles_frontend/sveltenetics/node_modules/@aptos-labs/aptos-client/node_modules/got/node_modules/@sindresorhus/is,(none),MIT,MIT,MIT,
@sindresorhus/is,5.6.0,/Metro/vehicles_frontend/sveltenetics/node_modules/@sindresorhus/is,sindresorhus/is,MIT,MIT,MIT,
@skeletonlabs/skeleton,2.10.1,/Metro/vehicles_frontend/sveltenetics/node_modules/@skeletonlabs/skeleton,https://github.com/skeletonlabs/skeleton,MIT,MIT,MIT,
@skeletonlabs/tw-plugin,0.4.0,/Metro/vehicles_frontend/sveltenetics/node_modules/@skeletonlabs/tw-plugin,https://github.com/skeletonlabs/skeleton,MIT,MIT,MIT,
@sphinxxxx/color-conversion,2.2.2,/Metro/vehicles_frontend/sveltenetics/node_modules/@sphinxxxx/color-conversion,https://github.com/Sphinxxxx/color-conversion,ISC,ISC,,
@sveltejs/adapter-node,5.2.0,/Metro/vehicles_frontend/sveltenetics/node_modules/@sveltejs/adapter-node,https://github.com/sveltejs/kit,MIT,MIT,,
@sveltejs/adapter-static,3.0.2,/Metro/vehicles_frontend/sveltenetics/node_modules/@sveltejs/adapter-static,https://github.com/sveltejs/kit,MIT,MIT,,
@swc/helpers,0.5.11,/Metro/vehicles_frontend/sveltenetics/node_modules/@swc/helpers,https://github.com/swc-project/swc,Apache;Apache-2.0,Apache-2.0,Apache,
@szmarczak/http-timer,4.0.6,/Metro/vehicles_frontend/sveltenetics/node_modules/@aptos-labs/aptos-client/node_modules/got/node_modules/@szmarczak/http-timer,(none),MIT,MIT,MIT,MIT
@szmarczak/http-timer,5.0.1,/Metro/vehicles_frontend/sveltenetics/node_modules/@szmarczak/http-timer,https://github.com/szmarczak/http-timer,MIT,MIT,MIT,MIT
@types/cacheable-request,6.0.3,/Metro/vehicles_frontend/sveltenetics/node_modules/@types/cacheable-request,https://github.com/DefinitelyTyped/DefinitelyTyped,MIT,MIT,MIT,
@types/estree,1.0.5,/Metro/vehicles_frontend/sveltenetics/node_modules/@types/estree,https://github.com/DefinitelyTyped/DefinitelyTyped,MIT,MIT,MIT,
@types/http-cache-semantics,4.0.4,/Metro/vehicles_frontend/sveltenetics/node_modules/@types/http-cache-semantics,https://github.com/DefinitelyTyped/DefinitelyTyped,MIT,MIT,MIT,
@types/keyv,3.1.4,/Metro/vehicles_frontend/sveltenetics/node_modules/@types/keyv,https://github.com/DefinitelyTyped/DefinitelyTyped,MIT,MIT,MIT,
@types/node,20.14.10,/Metro/vehicles_frontend/sveltenetics/node_modules/@types/node,https://github.com/DefinitelyTyped/DefinitelyTyped,MIT,MIT,MIT,
@types/resolve,1.20.2,/Metro/vehicles_frontend/sveltenetics/node_modules/@types/resolve,https://github.com/DefinitelyTyped/DefinitelyTyped,MIT,MIT,MIT,
@types/responselike,1.0.3,/Metro/vehicles_frontend/sveltenetics/node_modules/@types/responselike,https://github.com/DefinitelyTyped/DefinitelyTyped,MIT,MIT,MIT,
@unocss/astro,0.57.7,/Metro/vehicles_frontend/sveltenetics/node_modules/ato-ui/node_modules/unocss/node_modules/@unocss/astro,(none),MIT,MIT,MIT,MIT
@unocss/astro,0.61.3,/Metro/vehicles_frontend/sveltenetics/node_modules/@unocss/astro,https://github.com/unocss/unocss,MIT,MIT,MIT,MIT
@unocss/cli,0.57.7,/Metro/vehicles_frontend/sveltenetics/node_modules/ato-ui/node_modules/unocss/node_modules/@unocss/cli,(none),MIT,MIT,MIT,MIT
@unocss/cli,0.61.3,/Metro/vehicles_frontend/sveltenetics/node_modules/@unocss/cli,https://github.com/unocss/unocss,MIT,MIT,MIT,MIT
@unocss/config,0.57.7,/Metro/vehicles_frontend/sveltenetics/node_modules/ato-ui/node_modules/unocss/node_modules/@unocss/postcss/node_modules/@unocss/config,(none),MIT,MIT,MIT,
@unocss/config,0.61.3,/Metro/vehicles_frontend/sveltenetics/node_modules/@unocss/config,https://github.com/unocss/unocss,MIT,MIT,MIT,
@unocss/core,0.57.7,/Metro/vehicles_frontend/sveltenetics/node_modules/ato-ui/node_modules/@unocss/preset-wind/node_modules/@unocss/core,(none),MIT,MIT,MIT,MIT
@unocss/core,0.61.3,/Metro/vehicles_frontend/sveltenetics/node_modules/@unocss/core,https://github.com/unocss/unocss,MIT,MIT,MIT,MIT
@unocss/extractor-arbitrary-variants,0.57.7,/Metro/vehicles_frontend/sveltenetics/node_modules/ato-ui/node_modules/unocss/node_modules/@unocss/extractor-arbitrary-variants,(none),MIT,MIT,MIT,MIT
@unocss/extractor-arbitrary-variants,0.61.3,/Metro/vehicles_frontend/sveltenetics/node_modules/@unocss/extractor-arbitrary-variants,https://github.com/unocss/unocss,MIT,MIT,MIT,MIT
@unocss/inspector,0.57.7,/Metro/vehicles_frontend/sveltenetics/node_modules/ato-ui/node_modules/unocss/node_modules/@unocss/vite/node_modules/@unocss/inspector,(none),MIT,MIT,MIT,MIT
@unocss/inspector,0.61.3,/Metro/vehicles_frontend/sveltenetics/node_modules/@unocss/inspector,https://github.com/unocss/unocss,MIT,MIT,MIT,MIT
@unocss/postcss,0.57.7,/Metro/vehicles_frontend/sveltenetics/node_modules/ato-ui/node_modules/unocss/node_modules/@unocss/postcss,(none),MIT,MIT,MIT,MIT
@unocss/postcss,0.61.3,/Metro/vehicles_frontend/sveltenetics/node_modules/@unocss/postcss,https://github.com/unocss/unocss,MIT,MIT,MIT,MIT
@unocss/preset-attributify,0.57.7,/Metro/vehicles_frontend/sveltenetics/node_modules/ato-ui/node_modules/unocss/node_modules/@unocss/preset-attributify,(none),MIT,MIT,MIT,MIT
@unocss/preset-attributify,0.61.3,/Metro/vehicles_frontend/sveltenetics/node_modules/@unocss/preset-attributify,https://github.com/unocss/unocss,MIT,MIT,MIT,MIT
@unocss/preset-icons,0.57.7,/Metro/vehicles_frontend/sveltenetics/node_modules/ato-ui/node_modules/unocss/node_modules/@unocss/preset-icons,(none),MIT,MIT,MIT,MIT
@unocss/preset-icons,0.61.3,/Metro/vehicles_frontend/sveltenetics/node_modules/@unocss/preset-icons,https://github.com/unocss/unocss,MIT,MIT,MIT,MIT
@unocss/preset-mini,0.57.7,/Metro/vehicles_frontend/sveltenetics/node_modules/ato-ui/node_modules/@unocss/preset-wind/node_modules/@unocss/preset-mini,(none),MIT,MIT,MIT,MIT
@unocss/preset-mini,0.61.3,/Metro/vehicles_frontend/sveltenetics/node_modules/@unocss/preset-mini,https://github.com/unocss/unocss,MIT,MIT,MIT,MIT
@unocss/preset-tagify,0.57.7,/Metro/vehicles_frontend/sveltenetics/node_modules/ato-ui/node_modules/unocss/node_modules/@unocss/preset-tagify,(none),MIT,MIT,MIT,MIT
@unocss/preset-tagify,0.61.3,/Metro/vehicles_frontend/sveltenetics/node_modules/@unocss/preset-tagify,https://github.com/unocss/unocss,MIT,MIT,MIT,MIT
@unocss/preset-typography,0.57.7,/Metro/vehicles_frontend/sveltenetics/node_modules/ato-ui/node_modules/unocss/node_modules/@unocss/preset-typography,(none),MIT,MIT,MIT,MIT
@unocss/preset-typography,0.61.3,/Metro/vehicles_frontend/sveltenetics/node_modules/@unocss/preset-typography,https://github.com/unocss/unocss,MIT,MIT,MIT,MIT
@unocss/preset-uno,0.57.7,/Metro/vehicles_frontend/sveltenetics/node_modules/ato-ui/node_modules/unocss/node_modules/@unocss/preset-uno,(none),MIT,MIT,MIT,MIT
@unocss/preset-uno,0.61.3,/Metro/vehicles_frontend/sveltenetics/node_modules/@unocss/preset-uno,https://github.com/unocss/unocss,MIT,MIT,MIT,MIT
@unocss/preset-web-fonts,0.57.7,/Metro/vehicles_frontend/sveltenetics/node_modules/ato-ui/node_modules/unocss/node_modules/@unocss/preset-web-fonts,(none),MIT,MIT,MIT,MIT
@unocss/preset-web-fonts,0.61.3,/Metro/vehicles_frontend/sveltenetics/node_modules/@unocss/preset-web-fonts,https://github.com/unocss/unocss,MIT,MIT,MIT,MIT
@unocss/preset-wind,0.57.7,/Metro/vehicles_frontend/sveltenetics/node_modules/ato-ui/node_modules/@unocss/preset-wind,(none),MIT,MIT,MIT,MIT
@unocss/preset-wind,0.61.3,/Metro/vehicles_frontend/sveltenetics/node_modules/@unocss/preset-wind,https://github.com/unocss/unocss,MIT,MIT,MIT,MIT
@unocss/reset,0.57.7,/Metro/vehicles_frontend/sveltenetics/node_modules/ato-ui/node_modules/unocss/node_modules/@unocss/reset,(none),MIT;Public Domain,MIT,MIT;Public Domain,
@unocss/reset,0.61.3,/Metro/vehicles_frontend/sveltenetics/node_modules/@unocss/reset,https://github.com/unocss/unocss,MIT;Public Domain,MIT,MIT;Public Domain,
@unocss/rule-utils,0.57.7,/Metro/vehicles_frontend/sveltenetics/node_modules/ato-ui/node_modules/@unocss/preset-wind/node_modules/@unocss/rule-utils,(none),MIT,MIT,MIT,MIT
@unocss/rule-utils,0.61.3,/Metro/vehicles_frontend/sveltenetics/node_modules/@unocss/rule-utils,https://github.com/unocss/unocss,MIT,MIT,MIT,MIT
@unocss/scope,0.57.7,/Metro/vehicles_frontend/sveltenetics/node_modules/ato-ui/node_modules/unocss/node_modules/@unocss/vite/node_modules/@unocss/scope,(none),MIT,MIT,MIT,MIT
@unocss/scope,0.61.3,/Metro/vehicles_frontend/sveltenetics/node_modules/@unocss/scope,https://github.com/unocss/unocss,MIT,MIT,MIT,MIT
@unocss/transformer-attributify-jsx,0.57.7,/Metro/vehicles_frontend/sveltenetics/node_modules/ato-ui/node_modules/unocss/node_modules/@unocss/transformer-attributify-jsx,(none),MIT,MIT,MIT,MIT
@unocss/transformer-attributify-jsx,0.61.3,/Metro/vehicles_frontend/sveltenetics/node_modules/@unocss/transformer-attributify-jsx,https://github.com/unocss/unocss,MIT,MIT,MIT,MIT
@unocss/transformer-attributify-jsx-babel,0.57.7,/Metro/vehicles_frontend/sveltenetics/node_modules/ato-ui/node_modules/unocss/node_modules/@unocss/transformer-attributify-jsx-babel,(none),MIT,MIT,MIT,MIT
@unocss/transformer-attributify-jsx-babel,0.61.3,/Metro/vehicles_frontend/sveltenetics/node_modules/@unocss/transformer-attributify-jsx-babel,https://github.com/unocss/unocss,MIT,MIT,MIT,MIT
@unocss/transformer-compile-class,0.57.7,/Metro/vehicles_frontend/sveltenetics/node_modules/ato-ui/node_modules/unocss/node_modules/@unocss/transformer-compile-class,(none),MIT,MIT,MIT,MIT
@unocss/transformer-compile-class,0.61.3,/Metro/vehicles_frontend/sveltenetics/node_modules/@unocss/transformer-compile-class,https://github.com/unocss/unocss,MIT,MIT,MIT,MIT
@unocss/transformer-directives,0.57.7,/Metro/vehicles_frontend/sveltenetics/node_modules/ato-ui/node_modules/@unocss/transformer-directives,(none),MIT,MIT,MIT,MIT
@unocss/transformer-directives,0.61.3,/Metro/vehicles_frontend/sveltenetics/node_modules/@unocss/transformer-directives,https://github.com/unocss/unocss,MIT,MIT,MIT,MIT
@unocss/transformer-variant-group,0.57.7,/Metro/vehicles_frontend/sveltenetics/node_modules/ato-ui/node_modules/unocss/node_modules/@unocss/transformer-variant-group,(none),MIT,MIT,MIT,MIT
@unocss/transformer-variant-group,0.61.3,/Metro/vehicles_frontend/sveltenetics/node_modules/@unocss/transformer-variant-group,https://github.com/unocss/unocss,MIT,MIT,MIT,MIT
@unocss/vite,0.57.7,/Metro/vehicles_frontend/sveltenetics/node_modules/ato-ui/node_modules/unocss/node_modules/@unocss/vite,(none),MIT,MIT,MIT,MIT
@unocss/vite,0.61.3,/Metro/vehicles_frontend/sveltenetics/node_modules/@unocss/vite,https://github.com/unocss/unocss,MIT,MIT,MIT,MIT
@zxing/browser,0.1.5,/Metro/vehicles_frontend/sveltenetics/node_modules/@zxing/browser,https://github.com/zxing-js/browser,MIT,MIT,MIT,
@zxing/library,0.21.2,/Metro/vehicles_frontend/sveltenetics/node_modules/@zxing/library,https://github.com/zxing-js/library,Apache;MIT,MIT,Apache,
@zxing/text-encoding,0.9.0,/Metro/vehicles_frontend/sveltenetics/node_modules/@zxing/text-encoding,https://github.com/zxing-js/text-encoding,(Unlicense OR Apache-2.0);Apache,(Unlicense OR Apache-2.0),Apache,
ace-builds,1.35.4,/Metro/vehicles_frontend/sveltenetics/node_modules/ace-builds,https://github.com/ajaxorg/ace-builds,BSD-3-Clause,BSD-3-Clause,,
acorn,8.12.1,/Metro/vehicles_frontend/sveltenetics/node_modules/acorn,https://github.com/acornjs/acorn,MIT,MIT,MIT,
ajv,6.12.6,/Metro/vehicles_frontend/sveltenetics/node_modules/ajv,https://github.com/ajv-validator/ajv,MIT,MIT,MIT,
animejs,3.2.2,/Metro/vehicles_frontend/sveltenetics/node_modules/animejs,juliangarnier/anime,MIT,MIT,MIT,
ansi-regex,6.0.1,/Metro/vehicles_frontend/sveltenetics/node_modules/string-width/node_modules/strip-ansi/node_modules/ansi-regex,(none),MIT,MIT,MIT,
ansi-styles,3.2.1,/Metro/vehicles_frontend/sveltenetics/node_modules/@babel/highlight/node_modules/chalk/node_modules/ansi-styles,(none),MIT,MIT,MIT,MIT
ansi-styles,6.2.1,/Metro/vehicles_frontend/sveltenetics/node_modules/wrap-ansi/node_modules/ansi-styles,(none),MIT,MIT,MIT,
any-promise,1.3.0,/Metro/vehicles_frontend/sveltenetics/node_modules/any-promise,https://github.com/kevinbeaty/any-promise,MIT,MIT,,
anymatch,3.1.3,/Metro/vehicles_frontend/sveltenetics/node_modules/anymatch,https://github.com/micromatch/anymatch,ISC,ISC,ISC,
arg,5.0.2,/Metro/vehicles_frontend/sveltenetics/node_modules/arg,vercel/arg,MIT,MIT,MIT,
argparse,2.0.1,/Metro/vehicles_frontend/sveltenetics/node_modules/argparse,nodeca/argparse,GPL;Python-2.0,Python-2.0,GPL,
asynckit,0.4.0,/Metro/vehicles_frontend/sveltenetics/node_modules/asynckit,https://github.com/alexindigo/asynckit,MIT,MIT,MIT,MIT
ato-ui,0.4.0,/Metro/vehicles_frontend/sveltenetics/node_modules/ato-ui,https://github.com/bennymi/ato-ui,MIT,MIT,MIT,
axios,1.3.4,/Metro/vehicles_frontend/sveltenetics/node_modules/axios,https://github.com/axios/axios,MIT,MIT,,
axios,1.6.2,/Metro/vehicles_frontend/sveltenetics/node_modules/@aptos-labs/aptos-client/node_modules/axios,(none),MIT,MIT,,
balanced-match,1.0.2,/Metro/vehicles_frontend/sveltenetics/node_modules/balanced-match,http://github.com/juliangruber/balanced-match,MIT,MIT,MIT,MIT
big.js,6.2.1,/Metro/vehicles_frontend/sveltenetics/node_modules/big.js,https://github.com/MikeMcl/big.js,MIT,MIT,MIT,
binary-extensions,2.3.0,/Metro/vehicles_frontend/sveltenetics/node_modules/binary-extensions,sindresorhus/binary-extensions,MIT,MIT,MIT,
bits-ui,0.21.12,/Metro/vehicles_frontend/sveltenetics/node_modules/bits-ui,github:huntabyte/bits-ui,MIT,MIT,MIT,
brace-expansion,2.0.1,/Metro/vehicles_frontend/sveltenetics/node_modules/@rollup/plugin-commonjs/node_modules/glob/node_modules/minimatch/node_modules/brace-expansion,(none),MIT,MIT,MIT,MIT
braces,3.0.3,/Metro/vehicles_frontend/sveltenetics/node_modules/braces,micromatch/braces,MIT,MIT,MIT,
browserslist,4.23.2,/Metro/vehicles_frontend/sveltenetics/node_modules/browserslist,browserslist/browserslist,MIT,MIT,MIT,
builtin-modules,3.3.0,/Metro/vehicles_frontend/sveltenetics/node_modules/builtin-modules,sindresorhus/builtin-modules,MIT,MIT,MIT,
bwip-js,4.5.1,/Metro/vehicles_frontend/sveltenetics/node_modules/bwip-js,https://github.com/metafloor/bwip-js,MIT,MIT,MIT,
cac,6.7.14,/Metro/vehicles_frontend/sveltenetics/node_modules/cac,egoist/cac,MIT,MIT,MIT,
cacheable-lookup,5.0.4,/Metro/vehicles_frontend/sveltenetics/node_modules/@aptos-labs/aptos-client/node_modules/got/node_modules/cacheable-lookup,(none),MIT,MIT,MIT,MIT
cacheable-lookup,7.0.0,/Metro/vehicles_frontend/sveltenetics/node_modules/cacheable-lookup,https://github.com/szmarczak/cacheable-lookup,MIT,MIT,MIT,
cacheable-request,7.0.4,/Metro/vehicles_frontend/sveltenetics/node_modules/@aptos-labs/aptos-client/node_modules/got/node_modules/cacheable-request,(none),MIT,MIT,MIT,MIT
cacheable-request,10.2.14,/Metro/vehicles_frontend/sveltenetics/node_modules/cacheable-request,jaredwray/cacheable,MIT,MIT,,MIT
camelcase-css,2.0.1,/Metro/vehicles_frontend/sveltenetics/node_modules/camelcase-css,stevenvachon/camelcase-css,MIT,MIT,MIT,
caniuse-lite,1.0.30001641,/Metro/vehicles_frontend/sveltenetics/node_modules/caniuse-lite,browserslist/caniuse-lite,CC-BY-4.0;Public Domain,CC-BY-4.0,Public Domain,
chalk,2.4.2,/Metro/vehicles_frontend/sveltenetics/node_modules/@babel/highlight/node_modules/chalk,(none),MIT,MIT,MIT,MIT
chart.js,4.4.3,/Metro/vehicles_frontend/sveltenetics/node_modules/chart.js,https://github.com/chartjs/Chart.js,MIT,MIT,MIT,
chartjs-plugin-streaming,2.0.0,/Metro/vehicles_frontend/sveltenetics/node_modules/chartjs-plugin-streaming,https://github.com/nagix/chartjs-plugin-streaming,MIT,MIT,MIT,
chokidar,3.6.0,/Metro/vehicles_frontend/sveltenetics/node_modules/chokidar,https://github.com/paulmillr/chokidar,MIT,MIT,MIT,MIT
clone-response,1.0.3,/Metro/vehicles_frontend/sveltenetics/node_modules/clone-response,https://github.com/sindresorhus/clone-response,MIT,MIT,MIT,MIT
color-convert,1.9.3,/Metro/vehicles_frontend/sveltenetics/node_modules/@babel/highlight/node_modules/chalk/node_modules/ansi-styles/node_modules/color-convert,(none),MIT,MIT,,
color-name,1.1.3,/Metro/vehicles_frontend/sveltenetics/node_modules/@babel/highlight/node_modules/chalk/node_modules/ansi-styles/node_modules/color-convert/node_modules/color-name,(none),MIT,MIT,MIT,
colorette,2.0.20,/Metro/vehicles_frontend/sveltenetics/node_modules/colorette,jorgebucaran/colorette,MIT,MIT,,
combined-stream,1.0.8,/Metro/vehicles_frontend/sveltenetics/node_modules/combined-stream,http://github.com/felixge/node-combined-stream,MIT,MIT,,MIT
commander,4.1.1,/Metro/vehicles_frontend/sveltenetics/node_modules/sucrase/node_modules/commander,(none),MIT,MIT,MIT,
commondir,1.0.1,/Metro/vehicles_frontend/sveltenetics/node_modules/commondir,http://github.com/substack/node-commondir,MIT,MIT,MIT,MIT
compromise,14.14.0,/Metro/vehicles_frontend/sveltenetics/node_modules/compromise,http://github.com/spencermountain/compromise,MIT,MIT,MIT,
confbox,0.1.7,/Metro/vehicles_frontend/sveltenetics/node_modules/confbox,unjs/confbox,MIT,MIT,MIT,
consola,3.2.3,/Metro/vehicles_frontend/sveltenetics/node_modules/consola,unjs/consola,MIT,MIT,MIT,MIT
convert-source-map,2.0.0,/Metro/vehicles_frontend/sveltenetics/node_modules/convert-source-map,http://github.com/thlorenz/convert-source-map,MIT,MIT,,
core-util-is,1.0.3,/Metro/vehicles_frontend/sveltenetics/node_modules/core-util-is,http://github.com/isaacs/core-util-is,MIT,MIT,,
cross-spawn,7.0.3,/Metro/vehicles_frontend/sveltenetics/node_modules/cross-spawn,git@github.com:moxystudio/node-cross-spawn,MIT,MIT,MIT,
css-tree,2.3.1,/Metro/vehicles_frontend/sveltenetics/node_modules/css-tree,csstree/csstree,MIT,MIT,,MIT
cssesc,3.0.0,/Metro/vehicles_frontend/sveltenetics/node_modules/cssesc,https://github.com/mathiasbynens/cssesc,MIT,MIT,,
debug,4.3.5,/Metro/vehicles_frontend/sveltenetics/node_modules/debug,http://github.com/debug-js/debug,MIT,MIT,MIT,MIT
decompress-response,6.0.0,/Metro/vehicles_frontend/sveltenetics/node_modules/decompress-response,sindresorhus/decompress-response,MIT,MIT,MIT,
deep-extend,0.6.0,/Metro/vehicles_frontend/sveltenetics/node_modules/deep-extend,http://github.com/unclechu/node-deep-extend,MIT,MIT,MIT,
deepmerge,4.3.1,/Metro/vehicles_frontend/sveltenetics/node_modules/deepmerge,http://github.com/TehShrike/deepmerge,MIT,MIT,MIT,MIT
defer-to-connect,2.0.1,/Metro/vehicles_frontend/sveltenetics/node_modules/defer-to-connect,https://github.com/szmarczak/defer-to-connect,MIT,MIT,MIT,MIT
defu,6.1.4,/Metro/vehicles_frontend/sveltenetics/node_modules/defu,unjs/defu,MIT,MIT,MIT,
delayed-stream,1.0.0,/Metro/vehicles_frontend/sveltenetics/node_modules/delayed-stream,http://github.com/felixge/node-delayed-stream,MIT,MIT,,MIT
dequal,2.0.3,/Metro/vehicles_frontend/sveltenetics/node_modules/dequal,lukeed/dequal,MIT,MIT,MIT,MIT
destr,2.0.3,/Metro/vehicles_frontend/sveltenetics/node_modules/destr,unjs/destr,MIT,MIT,MIT,
didyoumean,1.2.2,/Metro/vehicles_frontend/sveltenetics/node_modules/didyoumean,https://github.com/dcporter/didyoumean.js,Apache-2.0,Apache-2.0,,
dlv,1.1.3,/Metro/vehicles_frontend/sveltenetics/node_modules/dlv,developit/dlv,MIT,MIT,,
duplexer,0.1.2,/Metro/vehicles_frontend/sveltenetics/node_modules/duplexer,http://github.com/Raynos/duplexer,MIT,MIT,,MIT
eastasianwidth,0.2.0,/Metro/vehicles_frontend/sveltenetics/node_modules/eastasianwidth,http://github.com/komagata/eastasianwidth,MIT,MIT,,
efrt,2.7.0,/Metro/vehicles_frontend/sveltenetics/node_modules/efrt,http://github.com/spencermountain/efrt,MIT,MIT,MIT,MIT
electron-to-chromium,1.4.825,/Metro/vehicles_frontend/sveltenetics/node_modules/electron-to-chromium,https://github.com/kilian/electron-to-chromium/,ISC,ISC,,
emoji-regex,9.2.2,/Metro/vehicles_frontend/sveltenetics/node_modules/emoji-regex,https://github.com/mathiasbynens/emoji-regex,MIT,MIT,,
end-of-stream,1.4.4,/Metro/vehicles_frontend/sveltenetics/node_modules/end-of-stream,http://github.com/mafintosh/end-of-stream,MIT,MIT,MIT,MIT
eol,0.9.1,/Metro/vehicles_frontend/sveltenetics/node_modules/eol,https://github.com/ryanve/eol,MIT,MIT,MIT,MIT
escalade,3.1.2,/Metro/vehicles_frontend/sveltenetics/node_modules/escalade,lukeed/escalade,MIT,MIT,MIT,MIT
escape-string-regexp,1.0.5,/Metro/vehicles_frontend/sveltenetics/node_modules/@babel/highlight/node_modules/chalk/node_modules/escape-string-regexp,(none),MIT,MIT,MIT,MIT
esm-env,1.0.0,/Metro/vehicles_frontend/sveltenetics/node_modules/esm-env,https://github.com/benmccann/esm-env,MIT,MIT,,
estree-walker,2.0.2,/Metro/vehicles_frontend/sveltenetics/node_modules/@rollup/plugin-commonjs/node_modules/estree-walker,(none),MIT,MIT,,MIT
eventemitter3,5.0.1,/Metro/vehicles_frontend/sveltenetics/node_modules/eventemitter3,http://github.com/primus/eventemitter3,MIT,MIT,MIT,
execa,5.1.1,/Metro/vehicles_frontend/sveltenetics/node_modules/@antfu/install-pkg/node_modules/execa,(none),MIT,MIT,MIT,
fast-deep-equal,3.1.3,/Metro/vehicles_frontend/sveltenetics/node_modules/fast-deep-equal,https://github.com/epoberezkin/fast-deep-equal,MIT,MIT,MIT,
fast-glob,3.3.2,/Metro/vehicles_frontend/sveltenetics/node_modules/fast-glob,mrmlnc/fast-glob,MIT,MIT,MIT,MIT
fast-json-stable-stringify,2.1.0,/Metro/vehicles_frontend/sveltenetics/node_modules/fast-json-stable-stringify,http://github.com/epoberezkin/fast-json-stable-stringify,MIT,MIT,MIT,
fastq,1.17.1,/Metro/vehicles_frontend/sveltenetics/node_modules/fastq,https://github.com/mcollina/fastq,ISC,ISC,,ISC
fill-range,7.1.1,/Metro/vehicles_frontend/sveltenetics/node_modules/fill-range,jonschlinkert/fill-range,MIT,MIT,MIT,
find-up,5.0.0,/Metro/vehicles_frontend/sveltenetics/node_modules/find-up,sindresorhus/find-up,MIT,MIT,MIT,
focus-trap,7.5.4,/Metro/vehicles_frontend/sveltenetics/node_modules/focus-trap,https://github.com/focus-trap/focus-trap,MIT,MIT,MIT,
follow-redirects,1.15.6,/Metro/vehicles_frontend/sveltenetics/node_modules/follow-redirects,git@github.com:follow-redirects/follow-redirects,MIT,MIT,,
foreground-child,3.2.1,/Metro/vehicles_frontend/sveltenetics/node_modules/foreground-child,https://github.com/tapjs/foreground-child,ISC,ISC,ISC,
form-data,4.0.0,/Metro/vehicles_frontend/sveltenetics/node_modules/form-data,http://github.com/form-data/form-data,MIT,MIT,,
form-data-encoder,2.1.4,/Metro/vehicles_frontend/sveltenetics/node_modules/form-data-encoder,octet-stream/form-data-encoder,MIT,MIT,MIT,
fraction.js,4.3.7,/Metro/vehicles_frontend/sveltenetics/node_modules/fraction.js,http://github.com/rawify/Fraction.js,MIT,MIT,MIT,MIT
function-bind,1.1.2,/Metro/vehicles_frontend/sveltenetics/node_modules/function-bind,https://github.com/Raynos/function-bind,MIT,MIT,,MIT
gensync,1.0.0-beta.2,/Metro/vehicles_frontend/sveltenetics/node_modules/gensync,https://github.com/loganfsmyth/gensync,MIT,MIT,,
get-stdin,5.0.1,/Metro/vehicles_frontend/sveltenetics/node_modules/get-stdin,sindresorhus/get-stdin,MIT,MIT,MIT,MIT
get-stream,5.2.0,/Metro/vehicles_frontend/sveltenetics/node_modules/@aptos-labs/aptos-client/node_modules/got/node_modules/cacheable-request/node_modules/get-stream,(none),MIT,MIT,MIT,
get-stream,6.0.1,/Metro/vehicles_frontend/sveltenetics/node_modules/got/node_modules/get-stream,(none),MIT,MIT,MIT,
glob,10.4.5,/Metro/vehicles_frontend/sveltenetics/node_modules/@rollup/plugin-commonjs/node_modules/glob,(none),ISC,ISC,ISC,
glob-parent,5.1.2,/Metro/vehicles_frontend/sveltenetics/node_modules/chokidar/node_modules/glob-parent,(none),ISC,ISC,ISC,ISC
glob-parent,6.0.2,/Metro/vehicles_frontend/sveltenetics/node_modules/glob-parent,gulpjs/glob-parent,ISC,ISC,ISC,ISC
globals,11.12.0,/Metro/vehicles_frontend/sveltenetics/node_modules/@babel/traverse/node_modules/globals,(none),MIT,MIT,MIT,MIT
got,11.8.6,/Metro/vehicles_frontend/sveltenetics/node_modules/@aptos-labs/aptos-client/node_modules/got,(none),MIT,MIT,MIT,
got,13.0.0,/Metro/vehicles_frontend/sveltenetics/node_modules/got,sindresorhus/got,MIT,MIT,MIT,
grad-school,0.0.5,/Metro/vehicles_frontend/sveltenetics/node_modules/grad-school,https://github.com/spencermountain/grounder,MIT,MIT,MIT,MIT
gzip-size,6.0.0,/Metro/vehicles_frontend/sveltenetics/node_modules/gzip-size,sindresorhus/gzip-size,MIT,MIT,MIT,
has-flag,3.0.0,/Metro/vehicles_frontend/sveltenetics/node_modules/@babel/highlight/node_modules/chalk/node_modules/supports-color/node_modules/has-flag,(none),MIT,MIT,MIT,MIT
hasown,2.0.2,/Metro/vehicles_frontend/sveltenetics/node_modules/hasown,https://github.com/inspect-js/hasOwn,MIT,MIT,MIT,
html5-qrcode,2.3.8,/Metro/vehicles_frontend/sveltenetics/node_modules/html5-qrcode,https://github.com/mebjas/html5-qrcode,Apache;Apache-2.0,Apache-2.0,Apache,
http-cache-semantics,4.1.1,/Metro/vehicles_frontend/sveltenetics/node_modules/http-cache-semantics,https://github.com/kornelski/http-cache-semantics,BSD-2-Clause,BSD-2-Clause,,
http2-wrapper,1.0.3,/Metro/vehicles_frontend/sveltenetics/node_modules/@aptos-labs/aptos-client/node_modules/got/node_modules/http2-wrapper,(none),MIT,MIT,MIT,MIT
http2-wrapper,2.2.1,/Metro/vehicles_frontend/sveltenetics/node_modules/http2-wrapper,https://github.com/szmarczak/http2-wrapper,MIT,MIT,MIT,MIT
human-signals,2.1.0,/Metro/vehicles_frontend/sveltenetics/node_modules/@antfu/install-pkg/node_modules/execa/node_modules/human-signals,(none),Apache;Apache-2.0,Apache-2.0,Apache,
immediate,3.0.6,/Metro/vehicles_frontend/sveltenetics/node_modules/immediate,http://github.com/calvinmetcalf/immediate,MIT,MIT,,
inherits,2.0.4,/Metro/vehicles_frontend/sveltenetics/node_modules/inherits,http://github.com/isaacs/inherits,ISC,ISC,ISC,
ini,1.3.8,/Metro/vehicles_frontend/sveltenetics/node_modules/ini,http://github.com/isaacs/ini,ISC,ISC,ISC,
is-binary-path,2.1.0,/Metro/vehicles_frontend/sveltenetics/node_modules/is-binary-path,sindresorhus/is-binary-path,MIT,MIT,MIT,MIT
is-builtin-module,3.2.1,/Metro/vehicles_frontend/sveltenetics/node_modules/is-builtin-module,sindresorhus/is-builtin-module,MIT,MIT,MIT,
is-core-module,2.14.0,/Metro/vehicles_frontend/sveltenetics/node_modules/is-core-module,https://github.com/inspect-js/is-core-module,MIT,MIT,MIT,
is-extglob,2.1.1,/Metro/vehicles_frontend/sveltenetics/node_modules/is-extglob,jonschlinkert/is-extglob,MIT,MIT,MIT,
is-fullwidth-code-point,3.0.0,/Metro/vehicles_frontend/sveltenetics/node_modules/is-fullwidth-code-point,sindresorhus/is-fullwidth-code-point,MIT,MIT,MIT,MIT
is-glob,4.0.3,/Metro/vehicles_frontend/sveltenetics/node_modules/is-glob,micromatch/is-glob,MIT,MIT,MIT,
is-module,1.0.0,/Metro/vehicles_frontend/sveltenetics/node_modules/is-module,component/is-module,MIT,MIT,,MIT
is-number,7.0.0,/Metro/vehicles_frontend/sveltenetics/node_modules/is-number,jonschlinkert/is-number,MIT,MIT,MIT,
is-reference,1.2.1,/Metro/vehicles_frontend/sveltenetics/node_modules/@rollup/plugin-commonjs/node_modules/is-reference,(none),MIT,MIT,,MIT
is-stream,2.0.1,/Metro/vehicles_frontend/sveltenetics/node_modules/@antfu/install-pkg/node_modules/execa/node_modules/is-stream,(none),MIT,MIT,MIT,
isarray,1.0.0,/Metro/vehicles_frontend/sveltenetics/node_modules/isarray,http://github.com/juliangruber/isarray,MIT,MIT,,MIT
isexe,2.0.0,/Metro/vehicles_frontend/sveltenetics/node_modules/isexe,https://github.com/isaacs/isexe,ISC,ISC,ISC,
jackspeak,3.4.3,/Metro/vehicles_frontend/sveltenetics/node_modules/jackspeak,https://github.com/isaacs/jackspeak,BlueOak-1.0.0,BlueOak-1.0.0,,
javascript-natural-sort,0.7.1,/Metro/vehicles_frontend/sveltenetics/node_modules/javascript-natural-sort,https://github.com/Bill4Time/javascript-natural-sort,MIT,MIT,,
jiti,1.21.6,/Metro/vehicles_frontend/sveltenetics/node_modules/jiti,unjs/jiti,MIT,MIT,MIT,
jmespath,0.16.0,/Metro/vehicles_frontend/sveltenetics/node_modules/jmespath,http://github.com/jmespath/jmespath.js,Apache-2.0,Apache-2.0,,
js-base64,3.7.7,/Metro/vehicles_frontend/sveltenetics/node_modules/js-base64,https://github.com/dankogai/js-base64,BSD-3-Clause,BSD-3-Clause,,
js-tokens,4.0.0,/Metro/vehicles_frontend/sveltenetics/node_modules/@babel/highlight/node_modules/js-tokens,(none),MIT,MIT,MIT,
js-yaml,4.1.0,/Metro/vehicles_frontend/sveltenetics/node_modules/js-yaml,nodeca/js-yaml,MIT,MIT,MIT,
jsesc,2.5.2,/Metro/vehicles_frontend/sveltenetics/node_modules/jsesc,https://github.com/mathiasbynens/jsesc,MIT,MIT,,
json-buffer,3.0.1,/Metro/vehicles_frontend/sveltenetics/node_modules/json-buffer,http://github.com/dominictarr/json-buffer,MIT,MIT,,MIT
json-schema-traverse,0.4.1,/Metro/vehicles_frontend/sveltenetics/node_modules/json-schema-traverse,https://github.com/epoberezkin/json-schema-traverse,MIT,MIT,MIT,
json-source-map,0.6.1,/Metro/vehicles_frontend/sveltenetics/node_modules/json-source-map,https://github.com/epoberezkin/json-source-map,MIT,MIT,MIT,
json5,2.2.3,/Metro/vehicles_frontend/sveltenetics/node_modules/json5,https://github.com/json5/json5,MIT,MIT,MIT,
jsoneditor,10.1.0,/Metro/vehicles_frontend/sveltenetics/node_modules/jsoneditor,https://github.com/josdejong/jsoneditor,Apache;Apache-2.0,Apache-2.0,Apache,
jsonrepair,3.8.0,/Metro/vehicles_frontend/sveltenetics/node_modules/jsonrepair,https://github.com/josdejong/jsonrepair,ISC,ISC,ISC,
jszip,3.10.1,/Metro/vehicles_frontend/sveltenetics/node_modules/jszip,https://github.com/Stuk/jszip,(MIT OR GPL-3.0-or-later);GPL;MIT,(MIT OR GPL-3.0-or-later),GPL;MIT,GPL;MIT
jwt-decode,4.0.0,/Metro/vehicles_frontend/sveltenetics/node_modules/jwt-decode,http://github.com/auth0/jwt-decode,MIT,MIT,MIT,MIT
keyv,4.5.4,/Metro/vehicles_frontend/sveltenetics/node_modules/keyv,https://github.com/jaredwray/keyv,MIT,MIT,,MIT
kolorist,1.8.0,/Metro/vehicles_frontend/sveltenetics/node_modules/kolorist,https://github.com/marvinhagemeister/kolorist,MIT,MIT,MIT,
license-report,6.5.0,/Metro/vehicles_frontend/sveltenetics/node_modules/license-report,https://github.com/ironSource/license-report,MIT,MIT,MIT,
lie,3.3.0,/Metro/vehicles_frontend/sveltenetics/node_modules/lie,https://github.com/calvinmetcalf/lie,MIT,MIT,,
lilconfig,2.1.0,/Metro/vehicles_frontend/sveltenetics/node_modules/lilconfig,https://github.com/antonk52/lilconfig,MIT,MIT,MIT,
lilconfig,3.1.2,/Metro/vehicles_frontend/sveltenetics/node_modules/tailwindcss/node_modules/postcss-load-config/node_modules/lilconfig,(none),MIT,MIT,MIT,
lines-and-columns,1.2.4,/Metro/vehicles_frontend/sveltenetics/node_modules/lines-and-columns,https://github.com/eventualbuddha/lines-and-columns,MIT,MIT,MIT,MIT
local-pkg,0.5.0,/Metro/vehicles_frontend/sveltenetics/node_modules/local-pkg,https://github.com/antfu/local-pkg,MIT,MIT,MIT,
locate-path,6.0.0,/Metro/vehicles_frontend/sveltenetics/node_modules/locate-path,sindresorhus/locate-path,MIT,MIT,MIT,
lodash,4.17.21,/Metro/vehicles_frontend/sveltenetics/node_modules/lodash,lodash/lodash,MIT,MIT,,
lower-case,2.0.2,/Metro/vehicles_frontend/sveltenetics/node_modules/lower-case,http://github.com/blakeembrey/change-case,MIT,MIT,MIT,MIT
lowercase-keys,2.0.0,/Metro/vehicles_frontend/sveltenetics/node_modules/@aptos-labs/aptos-client/node_modules/got/node_modules/lowercase-keys,(none),MIT,MIT,MIT,MIT
lowercase-keys,3.0.0,/Metro/vehicles_frontend/sveltenetics/node_modules/lowercase-keys,sindresorhus/lowercase-keys,MIT,MIT,MIT,
lru-cache,5.1.1,/Metro/vehicles_frontend/sveltenetics/node_modules/@babel/helper-compilation-targets/node_modules/lru-cache,(none),ISC,ISC,ISC,
lru-cache,10.4.3,/Metro/vehicles_frontend/sveltenetics/node_modules/path-scurry/node_modules/lru-cache,(none),ISC,ISC,ISC,
lucide-svelte,0.408.0,/Metro/vehicles_frontend/sveltenetics/node_modules/lucide-svelte,https://github.com/lucide-icons/lucide,ISC,ISC,ISC,ISC
magic-string,0.30.10,/Metro/vehicles_frontend/sveltenetics/node_modules/magic-string,https://github.com/rich-harris/magic-string,MIT,MIT,,MIT
mdn-data,2.0.30,/Metro/vehicles_frontend/sveltenetics/node_modules/mdn-data,https://github.com/mdn/data,CC0-1.0,CC0-1.0,,
merge-stream,2.0.0,/Metro/vehicles_frontend/sveltenetics/node_modules/merge-stream,grncdr/merge-stream,MIT,MIT,MIT,MIT
merge2,1.4.1,/Metro/vehicles_frontend/sveltenetics/node_modules/merge2,git@github.com:teambition/merge2,MIT,MIT,MIT,MIT
micromatch,4.0.7,/Metro/vehicles_frontend/sveltenetics/node_modules/micromatch,micromatch/micromatch,MIT,MIT,MIT,
mime-db,1.52.0,/Metro/vehicles_frontend/sveltenetics/node_modules/mime-db,jshttp/mime-db,MIT,MIT,MIT,
mime-types,2.1.35,/Metro/vehicles_frontend/sveltenetics/node_modules/mime-types,jshttp/mime-types,MIT,MIT,MIT,
mimic-fn,2.1.0,/Metro/vehicles_frontend/sveltenetics/node_modules/@antfu/install-pkg/node_modules/execa/node_modules/onetime/node_modules/mimic-fn,(none),MIT,MIT,MIT,MIT
mimic-response,1.0.1,/Metro/vehicles_frontend/sveltenetics/node_modules/clone-response/node_modules/mimic-response,(none),MIT,MIT,MIT,MIT
mimic-response,3.1.0,/Metro/vehicles_frontend/sveltenetics/node_modules/decompress-response/node_modules/mimic-response,(none),MIT,MIT,MIT,
mimic-response,4.0.0,/Metro/vehicles_frontend/sveltenetics/node_modules/mimic-response,sindresorhus/mimic-response,MIT,MIT,MIT,
minimatch,9.0.5,/Metro/vehicles_frontend/sveltenetics/node_modules/@rollup/plugin-commonjs/node_modules/glob/node_modules/minimatch,(none),ISC,ISC,ISC,
minimist,1.2.8,/Metro/vehicles_frontend/sveltenetics/node_modules/minimist,http://github.com/minimistjs/minimist,MIT,MIT,MIT,MIT
minipass,7.1.2,/Metro/vehicles_frontend/sveltenetics/node_modules/minipass,https://github.com/isaacs/minipass,ISC,ISC,ISC,
mlly,1.7.1,/Metro/vehicles_frontend/sveltenetics/node_modules/mlly,unjs/mlly,MIT,MIT,MIT,
mobius1-selectr,2.4.13,/Metro/vehicles_frontend/sveltenetics/node_modules/mobius1-selectr,https://github.com/Mobius1/Selectr,MIT,MIT,MIT,
mrmime,2.0.0,/Metro/vehicles_frontend/sveltenetics/node_modules/mrmime,lukeed/mrmime,MIT,MIT,MIT,MIT
ms,2.1.2,/Metro/vehicles_frontend/sveltenetics/node_modules/ms,zeit/ms,MIT,MIT,MIT,
mz,2.7.0,/Metro/vehicles_frontend/sveltenetics/node_modules/mz,normalize/mz,MIT,MIT,MIT,
nanoid,3.3.7,/Metro/vehicles_frontend/sveltenetics/node_modules/nanoid,ai/nanoid,MIT,MIT,MIT,
nanoid,4.0.2,/Metro/vehicles_frontend/sveltenetics/node_modules/@melt-ui/svelte/node_modules/nanoid,(none),MIT,MIT,MIT,
nanoid,5.0.7,/Metro/vehicles_frontend/sveltenetics/node_modules/bits-ui/node_modules/nanoid,(none),MIT,MIT,MIT,
no-case,3.0.4,/Metro/vehicles_frontend/sveltenetics/node_modules/no-case,http://github.com/blakeembrey/change-case,MIT,MIT,MIT,MIT
node-fetch-native,1.6.4,/Metro/vehicles_frontend/sveltenetics/node_modules/node-fetch-native,unjs/node-fetch-native,MIT,MIT,MIT,
node-releases,2.0.14,/Metro/vehicles_frontend/sveltenetics/node_modules/node-releases,chicoxyzzy/node-releases,MIT,MIT,MIT,
normalize-path,3.0.0,/Metro/vehicles_frontend/sveltenetics/node_modules/normalize-path,jonschlinkert/normalize-path,MIT,MIT,MIT,
normalize-url,6.1.0,/Metro/vehicles_frontend/sveltenetics/node_modules/@aptos-labs/aptos-client/node_modules/got/node_modules/cacheable-request/node_modules/normalize-url,(none),MIT,MIT,MIT,
normalize-url,8.0.1,/Metro/vehicles_frontend/sveltenetics/node_modules/normalize-url,sindresorhus/normalize-url,MIT,MIT,MIT,
npm-run-path,4.0.1,/Metro/vehicles_frontend/sveltenetics/node_modules/@antfu/install-pkg/node_modules/execa/node_modules/npm-run-path,(none),MIT,MIT,MIT,
object-assign,4.1.1,/Metro/vehicles_frontend/sveltenetics/node_modules/object-assign,sindresorhus/object-assign,MIT,MIT,MIT,MIT
object-hash,3.0.0,/Metro/vehicles_frontend/sveltenetics/node_modules/object-hash,https://github.com/puleos/object-hash,MIT,MIT,MIT,MIT
ofetch,1.3.4,/Metro/vehicles_frontend/sveltenetics/node_modules/ofetch,unjs/ofetch,MIT,MIT,MIT,
once,1.4.0,/Metro/vehicles_frontend/sveltenetics/node_modules/once,http://github.com/isaacs/once,ISC,ISC,ISC,
onetime,5.1.2,/Metro/vehicles_frontend/sveltenetics/node_modules/@antfu/install-pkg/node_modules/execa/node_modules/onetime,(none),MIT,MIT,MIT,
p-cancelable,2.1.1,/Metro/vehicles_frontend/sveltenetics/node_modules/@aptos-labs/aptos-client/node_modules/got/node_modules/p-cancelable,(none),MIT,MIT,MIT,
p-cancelable,3.0.0,/Metro/vehicles_frontend/sveltenetics/node_modules/p-cancelable,sindresorhus/p-cancelable,MIT,MIT,MIT,
p-limit,3.1.0,/Metro/vehicles_frontend/sveltenetics/node_modules/p-locate/node_modules/p-limit,(none),MIT,MIT,MIT,
p-locate,5.0.0,/Metro/vehicles_frontend/sveltenetics/node_modules/p-locate,sindresorhus/p-locate,MIT,MIT,MIT,
package-json-from-dist,1.0.0,/Metro/vehicles_frontend/sveltenetics/node_modules/package-json-from-dist,https://github.com/isaacs/package-json-from-dist,BlueOak-1.0.0,BlueOak-1.0.0,,
pako,1.0.11,/Metro/vehicles_frontend/sveltenetics/node_modules/jszip/node_modules/pako,(none),(MIT AND Zlib);MIT,(MIT AND Zlib),MIT,MIT
pako,2.1.0,/Metro/vehicles_frontend/sveltenetics/node_modules/pako,nodeca/pako,(MIT AND Zlib);MIT,(MIT AND Zlib),MIT,MIT
path-exists,4.0.0,/Metro/vehicles_frontend/sveltenetics/node_modules/path-exists,sindresorhus/path-exists,MIT,MIT,MIT,MIT
path-key,3.1.1,/Metro/vehicles_frontend/sveltenetics/node_modules/path-key,sindresorhus/path-key,MIT,MIT,MIT,
path-parse,1.0.7,/Metro/vehicles_frontend/sveltenetics/node_modules/path-parse,https://github.com/jbgutierrez/path-parse,MIT,MIT,MIT,MIT
path-scurry,1.11.1,/Metro/vehicles_frontend/sveltenetics/node_modules/path-scurry,https://github.com/isaacs/path-scurry,BlueOak-1.0.0,BlueOak-1.0.0,,
pathe,1.1.2,/Metro/vehicles_frontend/sveltenetics/node_modules/pathe,unjs/pathe,MIT,MIT,MIT,
perfect-debounce,1.0.0,/Metro/vehicles_frontend/sveltenetics/node_modules/perfect-debounce,unjs/perfect-debounce,MIT,MIT,MIT,
picocolors,1.0.1,/Metro/vehicles_frontend/sveltenetics/node_modules/picocolors,alexeyraspopov/picocolors,ISC,ISC,ISC,
picomatch,2.3.1,/Metro/vehicles_frontend/sveltenetics/node_modules/picomatch,micromatch/picomatch,MIT,MIT,MIT,
picomodal,3.0.0,/Metro/vehicles_frontend/sveltenetics/node_modules/picomodal,https://github.com/Nycto/PicoModal,MIT,MIT,MIT,MIT
pify,2.3.0,/Metro/vehicles_frontend/sveltenetics/node_modules/pify,sindresorhus/pify,MIT,MIT,MIT,MIT
pirates,4.0.6,/Metro/vehicles_frontend/sveltenetics/node_modules/pirates,https://github.com/danez/pirates,MIT,MIT,MIT,
pkg-types,1.1.3,/Metro/vehicles_frontend/sveltenetics/node_modules/pkg-types,unjs/pkg-types,MIT,MIT,MIT,
poseidon-lite,0.2.0,/Metro/vehicles_frontend/sveltenetics/node_modules/poseidon-lite,(none),MIT,MIT,,MIT
postcss,8.4.39,/Metro/vehicles_frontend/sveltenetics/node_modules/postcss,postcss/postcss,MIT,MIT,MIT,
postcss-import,15.1.0,/Metro/vehicles_frontend/sveltenetics/node_modules/postcss-import,https://github.com/postcss/postcss-import,MIT,MIT,MIT,
postcss-js,4.0.1,/Metro/vehicles_frontend/sveltenetics/node_modules/postcss-js,postcss/postcss-js,MIT,MIT,MIT,
postcss-load-config,4.0.2,/Metro/vehicles_frontend/sveltenetics/node_modules/tailwindcss/node_modules/postcss-load-config,(none),MIT,MIT,MIT,
postcss-nested,6.0.1,/Metro/vehicles_frontend/sveltenetics/node_modules/postcss-nested,postcss/postcss-nested,MIT,MIT,MIT,
postcss-selector-parser,6.1.1,/Metro/vehicles_frontend/sveltenetics/node_modules/tailwindcss/node_modules/postcss-selector-parser,(none),MIT,MIT,,MIT
postcss-value-parser,4.2.0,/Metro/vehicles_frontend/sveltenetics/node_modules/postcss-value-parser,https://github.com/TrySound/postcss-value-parser,MIT,MIT,,MIT
procedures,1.1.0,/Metro/vehicles_frontend/sveltenetics/node_modules/procedures,(none),ISC,ISC,,
process-nextick-args,2.0.1,/Metro/vehicles_frontend/sveltenetics/node_modules/process-nextick-args,https://github.com/calvinmetcalf/process-nextick-args,MIT,MIT,,
proxy-from-env,1.1.0,/Metro/vehicles_frontend/sveltenetics/node_modules/proxy-from-env,https://github.com/Rob--W/proxy-from-env,MIT,MIT,MIT,
pump,3.0.0,/Metro/vehicles_frontend/sveltenetics/node_modules/pump,http://github.com/mafintosh/pump,MIT,MIT,MIT,MIT
punycode,2.3.1,/Metro/vehicles_frontend/sveltenetics/node_modules/punycode,https://github.com/mathiasbynens/punycode.js,MIT,MIT,,
queue-microtask,1.2.3,/Metro/vehicles_frontend/sveltenetics/node_modules/queue-microtask,http://github.com/feross/queue-microtask,MIT,MIT,MIT,
quick-lru,5.1.1,/Metro/vehicles_frontend/sveltenetics/node_modules/quick-lru,sindresorhus/quick-lru,MIT,MIT,MIT,
rc,1.2.8,/Metro/vehicles_frontend/sveltenetics/node_modules/rc,https://github.com/dominictarr/rc,(BSD-2-Clause OR MIT OR Apache-2.0);BSD;MIT,(BSD-2-Clause OR MIT OR Apache-2.0),MIT,BSD;MIT
read-cache,1.0.0,/Metro/vehicles_frontend/sveltenetics/node_modules/read-cache,https://github.com/TrySound/read-cache,MIT,MIT,MIT,MIT
readable-stream,2.3.8,/Metro/vehicles_frontend/sveltenetics/node_modules/readable-stream,http://github.com/nodejs/readable-stream,MIT,MIT,,
readdirp,3.6.0,/Metro/vehicles_frontend/sveltenetics/node_modules/readdirp,http://github.com/paulmillr/readdirp,MIT,MIT,MIT,MIT
resolve,1.22.8,/Metro/vehicles_frontend/sveltenetics/node_modules/resolve,http://github.com/browserify/resolve,MIT,MIT,MIT,MIT
resolve-alpn,1.2.1,/Metro/vehicles_frontend/sveltenetics/node_modules/resolve-alpn,https://github.com/szmarczak/resolve-alpn,MIT,MIT,MIT,MIT
responselike,2.0.1,/Metro/vehicles_frontend/sveltenetics/node_modules/@aptos-labs/aptos-client/node_modules/got/node_modules/responselike,(none),MIT,MIT,,MIT
responselike,3.0.0,/Metro/vehicles_frontend/sveltenetics/node_modules/responselike,sindresorhus/responselike,MIT,MIT,MIT,
reusify,1.0.4,/Metro/vehicles_frontend/sveltenetics/node_modules/reusify,https://github.com/mcollina/reusify,MIT,MIT,MIT,MIT
rollup,4.18.1,/Metro/vehicles_frontend/sveltenetics/node_modules/rollup,rollup/rollup,ISC;MIT,MIT,ISC;MIT,
run-parallel,1.2.0,/Metro/vehicles_frontend/sveltenetics/node_modules/run-parallel,http://github.com/feross/run-parallel,MIT,MIT,MIT,
safe-buffer,5.1.2,/Metro/vehicles_frontend/sveltenetics/node_modules/safe-buffer,http://github.com/feross/safe-buffer,MIT,MIT,MIT,
semver,6.3.1,/Metro/vehicles_frontend/sveltenetics/node_modules/@babel/core/node_modules/semver,(none),ISC,ISC,ISC,
semver,7.6.2,/Metro/vehicles_frontend/sveltenetics/node_modules/semver,https://github.com/npm/node-semver,ISC,ISC,ISC,
sentence-case,3.0.4,/Metro/vehicles_frontend/sveltenetics/node_modules/sentence-case,http://github.com/blakeembrey/change-case,MIT,MIT,MIT,MIT
setimmediate,1.0.5,/Metro/vehicles_frontend/sveltenetics/node_modules/setimmediate,YuzuJS/setImmediate,MIT,MIT,,
shebang-command,2.0.0,/Metro/vehicles_frontend/sveltenetics/node_modules/shebang-command,kevva/shebang-command,MIT,MIT,MIT,
shebang-regex,3.0.0,/Metro/vehicles_frontend/sveltenetics/node_modules/shebang-regex,sindresorhus/shebang-regex,MIT,MIT,MIT,MIT
signal-exit,3.0.7,/Metro/vehicles_frontend/sveltenetics/node_modules/@antfu/install-pkg/node_modules/execa/node_modules/signal-exit,(none),ISC,ISC,ISC,
signal-exit,4.1.0,/Metro/vehicles_frontend/sveltenetics/node_modules/signal-exit,https://github.com/tapjs/signal-exit,ISC,ISC,ISC,
sirv,2.0.4,/Metro/vehicles_frontend/sveltenetics/node_modules/sirv,lukeed/sirv,MIT,MIT,,MIT
source-map-js,1.2.0,/Metro/vehicles_frontend/sveltenetics/node_modules/source-map-js,7rulnik/source-map-js,BSD-3-Clause,BSD-3-Clause,,
split-text-to-chunks,1.0.0,/Metro/vehicles_frontend/sveltenetics/node_modules/split-text-to-chunks,srcagency/wrap-words,MIT,MIT,,
string-width,4.2.3,/Metro/vehicles_frontend/sveltenetics/node_modules/string-width-cjs,sindresorhus/string-width,MIT,MIT,MIT,
string_decoder,1.1.1,/Metro/vehicles_frontend/sveltenetics/node_modules/string_decoder,http://github.com/nodejs/string_decoder,MIT,MIT,,
strip-ansi,7.1.0,/Metro/vehicles_frontend/sveltenetics/node_modules/string-width/node_modules/strip-ansi,(none),MIT,MIT,MIT,
strip-final-newline,2.0.0,/Metro/vehicles_frontend/sveltenetics/node_modules/@antfu/install-pkg/node_modules/execa/node_modules/strip-final-newline,(none),MIT,MIT,MIT,MIT
strip-json-comments,2.0.1,/Metro/vehicles_frontend/sveltenetics/node_modules/rc/node_modules/strip-json-comments,(none),MIT,MIT,MIT,MIT
sucrase,3.35.0,/Metro/vehicles_frontend/sveltenetics/node_modules/sucrase,https://github.com/alangpierce/sucrase,MIT,MIT,MIT,
suffix-thumb,5.0.2,/Metro/vehicles_frontend/sveltenetics/node_modules/suffix-thumb,http://github.com/spencermountain/suffix-thumb,MIT,MIT,MIT,MIT
supports-color,5.5.0,/Metro/vehicles_frontend/sveltenetics/node_modules/@babel/highlight/node_modules/chalk/node_modules/supports-color,(none),MIT,MIT,MIT,MIT
supports-preserve-symlinks-flag,1.0.0,/Metro/vehicles_frontend/sveltenetics/node_modules/supports-preserve-symlinks-flag,https://github.com/inspect-js/node-supports-preserve-symlinks-flag,MIT,MIT,MIT,
svelte-preprocess,6.0.2,/Metro/vehicles_frontend/sveltenetics/node_modules/svelte-preprocess,https://github.com/sveltejs/svelte-preprocess,MIT,MIT,,
sveltenetics,0.0.1,/Metro/vehicles_frontend/sveltenetics,(none),Apache;BSD;GPL;ISC;MIT;Public Domain;WTFPL,,Apache;BSD;GPL;ISC;MIT;Public Domain;WTFPL,
tabbable,6.2.0,/Metro/vehicles_frontend/sveltenetics/node_modules/tabbable,https://github.com/focus-trap/tabbable,MIT,MIT,MIT,
tablemark,3.1.0,/Metro/vehicles_frontend/sveltenetics/node_modules/tablemark,https://github.com/haltcase/tablemark,MIT,MIT,MIT,MIT
tailwindcss,3.4.4,/Metro/vehicles_frontend/sveltenetics/node_modules/tailwindcss,https://github.com/tailwindlabs/tailwindcss,MIT,MIT,MIT,
text-table,0.2.0,/Metro/vehicles_frontend/sveltenetics/node_modules/text-table,http://github.com/substack/text-table,MIT,MIT,MIT,MIT
thenify,3.3.1,/Metro/vehicles_frontend/sveltenetics/node_modules/thenify,thenables/thenify,MIT,MIT,MIT,
thenify-all,1.6.0,/Metro/vehicles_frontend/sveltenetics/node_modules/thenify-all,thenables/thenify-all,MIT,MIT,MIT,
to-fast-properties,2.0.0,/Metro/vehicles_frontend/sveltenetics/node_modules/to-fast-properties,sindresorhus/to-fast-properties,MIT,MIT,MIT,MIT
to-regex-range,5.0.1,/Metro/vehicles_frontend/sveltenetics/node_modules/to-regex-range,micromatch/to-regex-range,MIT,MIT,MIT,
totalist,3.0.1,/Metro/vehicles_frontend/sveltenetics/node_modules/totalist,lukeed/totalist,MIT,MIT,MIT,MIT
ts-custom-error,3.3.1,/Metro/vehicles_frontend/sveltenetics/node_modules/ts-custom-error,github:adriengibrat/ts-custom-error,MIT,MIT,MIT,
ts-interface-checker,0.1.13,/Metro/vehicles_frontend/sveltenetics/node_modules/ts-interface-checker,https://github.com/gristlabs/ts-interface-checker,Apache;Apache-2.0,Apache-2.0,Apache,
tslib,2.6.3,/Metro/vehicles_frontend/sveltenetics/node_modules/tslib,https://github.com/Microsoft/tslib,0BSD,0BSD,,
ufo,1.5.3,/Metro/vehicles_frontend/sveltenetics/node_modules/ufo,unjs/ufo,MIT,MIT,MIT,
unconfig,0.3.13,/Metro/vehicles_frontend/sveltenetics/node_modules/unconfig,https://github.com/antfu/unconfig,MIT,MIT,MIT,
undici-types,5.26.5,/Metro/vehicles_frontend/sveltenetics/node_modules/undici-types,https://github.com/nodejs/undici,MIT,MIT,,
unocss,0.57.7,/Metro/vehicles_frontend/sveltenetics/node_modules/ato-ui/node_modules/unocss,(none),MIT,MIT,MIT,
unocss,0.61.3,/Metro/vehicles_frontend/sveltenetics/node_modules/unocss,https://github.com/unocss/unocss,MIT,MIT,MIT,
update-browserslist-db,1.1.0,/Metro/vehicles_frontend/sveltenetics/node_modules/update-browserslist-db,browserslist/update-db,MIT,MIT,MIT,
upper-case-first,2.0.2,/Metro/vehicles_frontend/sveltenetics/node_modules/upper-case-first,http://github.com/blakeembrey/change-case,MIT,MIT,MIT,MIT
uri-js,4.4.1,/Metro/vehicles_frontend/sveltenetics/node_modules/uri-js,http://github.com/garycourt/uri-js,BSD-2-Clause,BSD-2-Clause,,
util-deprecate,1.0.2,/Metro/vehicles_frontend/sveltenetics/node_modules/util-deprecate,http://github.com/TooTallNate/util-deprecate,MIT,MIT,MIT,MIT
vanilla-picker,2.12.3,/Metro/vehicles_frontend/sveltenetics/node_modules/vanilla-picker,https://github.com/Sphinxxxx/vanilla-picker,ISC,ISC,ISC,ISC
visit-values,2.0.0,/Metro/vehicles_frontend/sveltenetics/node_modules/visit-values,https://github.com/kessler/node-visit-values,MIT,MIT,MIT,
which,2.0.2,/Metro/vehicles_frontend/sveltenetics/node_modules/which,http://github.com/isaacs/node-which,BSD;ISC,ISC,ISC,BSD
wrap-ansi,7.0.0,/Metro/vehicles_frontend/sveltenetics/node_modules/wrap-ansi-cjs,chalk/wrap-ansi,MIT,MIT,MIT,
wrappy,1.0.2,/Metro/vehicles_frontend/sveltenetics/node_modules/wrappy,https://github.com/npm/wrappy,ISC,ISC,ISC,
yallist,3.1.1,/Metro/vehicles_frontend/sveltenetics/node_modules/@babel/helper-compilation-targets/node_modules/lru-cache/node_modules/yallist,(none),ISC,ISC,ISC,
yaml,2.4.5,/Metro/vehicles_frontend/sveltenetics/node_modules/tailwindcss/node_modules/postcss-load-config/node_modules/yaml,(none),ISC,ISC,,ISC
yocto-queue,0.1.0,/Metro/vehicles_frontend/sveltenetics/node_modules/p-locate/node_modules/p-limit/node_modules/yocto-queue,(none),MIT,MIT,MIT,
